benchmark,scenario,low_dif_rate,original_random_median,paired_random_median,excess_pp,empirical_upper_p,paired_random_q025,paired_random_q975,all_swapped_rate,low_minus_all_swapped_pp,paired_contrast_two_sided_p,within_low_dif_rate,within_paired_median,within_excess_pp,specificity_excess_pp,specificity_upper_p,matched_anchor_fraction,swappable_weight_fraction,median_control_overlap,n_pairs_total,profile_rms_logit_median_fold_mean,profile_rms_logit_p90_fold_mean,profile_cosine_median_fold_mean,abs_b_difference_median_fold_mean,predicted_probability_rms_median_fold_mean,higher_final_dif_fraction_fold_mean,dif_difference_median_fold_mean,low_mean_audit_residual_dif,control_mean_audit_residual_dif,low_mean_audit_b,control_mean_audit_b,low_mean_audit_discrimination,control_mean_audit_discrimination,low_target_citc,control_target_citc,low_target_independent_item_sem,control_target_independent_item_sem,low_target_weighted_alpha,control_target_weighted_alpha,low_effective_item_count,control_effective_item_count,profile_mean_rms_difference_median,max_axis_smd_median
MMLU-Pro,random_pairing,0.4707792207792208,0.18506493506493507,0.18181818181818182,28.8961038961039,0.000999000999000999,0.13636363636363635,0.24025974025974026,0.4090909090909091,6.1688311688311686,0.1038961038961039,0.26953125,0.1640625,10.546875,18.2224025974026,0.000999000999000999,0.9888184245660881,0.9893953089803982,0.5053404539385847,11850,2.4827801781577303,5.389626961651023,0.20477009160218518,0.665675885666763,0.34705300557854324,0.9813502109704642,0.5067673737080017,0.6367637484796681,0.9091852123141237,-2.0275081262496544,-1.8136132881203046,1.9709506542655832,1.9830368135255743,0.2820274188539713,0.2990248135211301,0.005045488024190263,0.005132564303447908,0.998642731989436,0.9987564731949156,5986.942475303402,5986.942475303402,0.1253937507401082,0.15537077634082422
MMLU-Pro,optimal_unrestricted,0.4707792207792208,0.18506493506493507,0.17532467532467533,29.545454545454547,0.000999000999000999,0.12987012987012986,0.22727272727272727,0.39935064935064934,7.142857142857145,0.06593406593406594,0.26953125,0.15625,11.328125,18.080357142857146,0.000999000999000999,0.9888184245660881,0.9893953089803982,0.5053404539385847,11850,1.9168952067897502,4.29643494712713,0.5474379314686761,0.40907827166495125,0.2679873738470251,0.9824472573839662,0.5115333337340413,0.6367637484796681,0.908296423766999,-2.0275081262496544,-1.8288662349651865,1.9709506542655832,1.9810148115301254,0.2820274188539713,0.2992238831348403,0.005045488024190263,0.005132014987938889,0.998642731989436,0.9987583444907772,5986.942475303402,5986.942475303402,0.1209810928742519,0.1530768031423495
MMLU-Pro,caliper_1.00,0.4707792207792208,0.18506493506493507,0.4642857142857143,0.6493506493506496,0.07192807192807193,0.4512987012987013,0.4707792207792208,0.4577922077922078,1.2987012987012991,0.14385614385614387,0.26953125,0.26953125,0.0,0.7153003246753276,0.1878121878121878,0.0559913217623498,0.05577200558461467,0.9740487316421895,671,0.8806045547403819,0.9817072607923731,0.9239698709188319,0.1967386193644048,0.1219481417940033,0.9810543782730483,0.422596743740373,0.6367637484796681,0.649603325348047,-2.0275081262496544,-2.02852372605761,1.9709506542655832,1.9707237067846757,0.2820274188539713,0.28210269032835295,0.005045488024190263,0.005045768361368776,0.998642731989436,0.9986423157608252,5986.942475303402,5986.942475303402,0.0025010908889193124,0.0026907898004005087
MMLU-Pro,caliper_0.50,0.4707792207792208,0.18506493506493507,0.4707792207792208,0.0,0.955044955044955,0.4675324675324675,0.474025974025974,0.474025974025974,-0.324675324675322,0.8951048951048951,0.26953125,0.26953125,0.0,0.0,0.955044955044955,0.002336448598130841,0.0023343429666152406,0.9989986648865153,28,0.4445323714891214,0.4860631162458148,0.9882115788140691,0.13923564136741817,0.03128637466999687,0.8484848484848485,0.5272065818294296,0.6367637484796681,0.6372648499267513,-2.0275081262496544,-2.0274913136874773,1.9709506542655832,1.9709311557668294,0.2820274188539713,0.2820266339557513,0.005045488024190263,0.005045432842478001,0.998642731989436,0.9986427186657196,5986.942475303402,5986.942475303402,0.00015487829832664163,0.0001935320746597264
MMLU-Pro,caliper_0.25,0.4707792207792208,0.18506493506493507,0.4707792207792208,0.0,1.0,0.4707792207792208,0.4707792207792208,0.4707792207792208,0.0,1.0,0.26953125,0.26953125,0.0,0.0,1.0,0.00041722296395193593,0.0004193363152804642,0.9998331108144193,5,0.0,0.034863834775682605,1.0,0.0,0.0,0.125,0.0,0.6367637484796681,0.6367637484796682,-2.0275081262496544,-2.0275081262496544,1.9709506542655832,1.9709506542655832,0.2820274188539713,0.2820274188539713,0.005045488024190263,0.005045488024190263,0.998642731989436,0.998642731989436,5986.942475303402,5986.942475303402,0.0,0.0
BBH,random_pairing,0.42138364779874216,0.252470799640611,0.25471698113207547,16.666666666666668,0.000999000999000999,0.2250561545372866,0.2857142857142857,0.3746630727762803,4.672057502246185,0.004995004995004995,0.33169834457388103,0.2299202942979767,10.177805027590434,6.636646884845124,0.000999000999000999,0.984488107549121,0.9846272348550599,0.5074112375043088,5712,2.3215023877777394,3.5917846269757194,0.3255514685437052,0.4488256196425956,0.35680991374509974,0.9840686274509804,0.4301311035618196,0.5642525813477044,0.7915744263925224,-0.1502709491390733,-0.1625648655196109,2.013557446645563,1.9886198255232146,0.2365944649002333,0.24243063477710836,0.007980873962588064,0.008027555342222003,0.9946024838430572,0.9948420444107484,2900.731223125791,2900.731223125791,0.06908127277479185,0.08714463481940038
BBH,optimal_unrestricted,0.42138364779874216,0.252470799640611,0.22911051212938005,19.22731356693621,0.000999000999000999,0.20440251572327045,0.2592093441150045,0.3683737646001797,5.300988319856248,0.002997002997002997,0.33169834457388103,0.20907418761496016,12.262415695892088,6.982539554002834,0.000999000999000999,0.984488107549121,0.9846272348550599,0.5074112375043088,5712,1.6861232815349272,2.9093578671932363,0.6400385616444149,0.24839847717172853,0.259788099692552,0.9851190476190477,0.4283713925023722,0.5642525813477044,0.7912548072933447,-0.1502709491390733,-0.16901076244686716,2.013557446645563,1.989652763456688,0.2365944649002333,0.24139919385313136,0.007980873962588064,0.008022341529434603,0.9946024838430572,0.9948037614839369,2900.731223125791,2900.731223125791,0.06638129698658607,0.0838160160716289
BBH,caliper_1.00,0.42138364779874216,0.252470799640611,0.417340521114106,0.40431266846361336,0.055944055944055944,0.4119496855345912,0.42183288409703507,0.4119496855345912,0.9433962264150941,0.027972027972027972,0.33169834457388103,0.32495401594114043,0.6744328632740604,-0.23734329751011196,0.7112887112887113,0.07600827300930714,0.07617341944878397,0.9620820406756291,441,0.9029365021381082,0.9817996198546,0.9006009535590386,0.15035506875760066,0.14645241490498676,0.9911742846525455,0.3053635850477864,0.5642525813477044,0.5771706177783615,-0.1502709491390733,-0.15106779598397319,2.013557446645563,2.0126372832906068,0.2365944649002333,0.2363972964726711,0.007980873962588064,0.007982039496355115,0.9946024838430572,0.9945919966006774,2900.731223125791,2900.731223125791,0.0037816718051845583,0.007072598714045326
BBH,caliper_0.50,0.42138364779874216,0.252470799640611,0.42138364779874216,0.0,0.6113886113886113,0.42048517520215634,0.4222821203953279,0.42093441150044925,0.04492362982929099,0.8151848151848152,0.33169834457388103,0.3298589822194972,0.1839362354383811,-0.13901260560909012,0.8841158841158842,0.001034126163391934,0.0010342533125036163,0.9996552912788693,6,0.4473582096913696,0.4776459982233566,0.9742912889860744,0.08362445806900581,0.069257789755935,0.875,0.1981588523611128,0.5642525813477044,0.5643623278966948,-0.1502709491390733,-0.15024300688668618,2.013557446645563,2.0135513825689424,0.2365944649002333,0.23658903105978712,0.007980873962588064,0.00798082194141354,0.9946024838430572,0.9946021298049668,2900.731223125791,2900.731223125791,0.0001699196234284742,0.0004662694919260931
BBH,caliper_0.25,0.42138364779874216,0.252470799640611,0.42138364779874216,0.0,1.0,0.42138364779874216,0.42138364779874216,0.42138364779874216,0.0,1.0,0.33169834457388103,0.33169834457388103,0.0,0.0,1.0,0.0,0.0,1.0,0,,,,,,,,0.5642525813477044,0.5642525813477044,-0.1502709491390733,-0.1502709491390733,2.013557446645563,2.013557446645563,0.2365944649002333,0.2365944649002333,0.007980873962588064,0.007980873962588064,0.9946024838430572,0.9946024838430572,2900.731223125791,2900.731223125791,0.0,0.0
MMLU,random_pairing,0.40680061823802166,0.16321483771251932,0.16476043276661514,24.204018547140652,0.000999000999000999,0.14064914992272023,0.2034080370942813,0.4420401854714065,-3.523956723338484,0.02197802197802198,0.24099049303559583,0.1390362511052166,10.195424193037923,14.08112867902207,0.000999000999000999,0.9932895488292405,0.9934358353517705,0.5032838378069674,13914,2.400684251533763,3.500444697423264,0.30111965696969356,0.5314173591103848,0.36302191788690785,0.9765703607876959,0.4516454950138656,0.5881704421820597,0.8314562046470712,0.20665335354426317,0.20954451705768895,2.0129960341998343,2.010028564648188,0.31586697469038233,0.3378013637074896,0.0049787755544743045,0.005030256754912616,0.9987672218161241,0.9989331037560574,7002.330057512707,7002.330057512706,0.09100482349413494,0.10140630566741896
MMLU,optimal_unrestricted,0.40680061823802166,0.16321483771251932,0.14650369549910658,26.02969227389151,0.000999000999000999,0.12735703245749613,0.1715842349304482,0.4302936630602782,-2.349304482225656,0.03896103896103896,0.24099049303559583,0.1286472148541114,11.234327818148444,14.820684296528974,0.000999000999000999,0.9932895488292405,0.9934358353517705,0.5032838378069674,13914,1.811394762889742,2.6777580667020953,0.5943463604031582,0.2940367512305623,0.275474386277093,0.9782952422020986,0.4523338765766612,0.5881704421820597,0.8309509699780526,0.20665335354426317,0.20963086746540183,2.0129960341998343,2.0100730163361193,0.31586697469038233,0.3378790612609472,0.0049787755544743045,0.00503044965368531,0.9987672218161241,0.9989331974576345,7002.330057512707,7002.330057512706,0.08984007814281939,0.10001533930289164
MMLU,caliper_1.00,0.40680061823802166,0.16321483771251932,0.4061823802163833,0.061823802163835095,0.3676323676323676,0.40463678516228746,0.4080370942812983,0.40587326120556416,0.09273570324574987,0.6153846153846154,0.24099049303559583,0.24541233694450587,-0.4421843908910039,0.49520551151747416,0.004995004995004995,0.020488292404340375,0.020432074646708206,0.990005711022273,287,0.9077172320401986,0.9869224138083341,0.9108627547924331,0.15322228077975386,0.14147544715417792,0.9631484334874165,0.30073508131249466,0.5881704421820597,0.5916493415965385,0.20665335354426317,0.20689861495341494,2.0129960341998343,2.013025482339902,0.31586697469038233,0.3159678807952785,0.0049787755544743045,0.004978836469736014,0.9987672218161241,0.9987679999919802,7002.330057512707,7002.330057512706,0.001178836252350748,0.0023092002204656414
MMLU,caliper_0.50,0.40680061823802166,0.16321483771251932,0.40680061823802166,0.0,1.0,0.40680061823802166,0.40680061823802166,0.40680061823802166,0.0,1.0,0.24099049303559583,0.24099049303559583,0.0,0.0,1.0,7.138777841233581e-05,7.121492664862555e-05,1.0,1,0.0,0.0,1.0000000000000002,0.0,0.0,0.0,0.0,0.5881704421820597,0.5881704421820597,0.20665335354426317,0.20665335354426317,2.0129960341998343,2.0129960341998343,0.31586697469038233,0.31586697469038233,0.0049787755544743045,0.0049787755544743045,0.9987672218161241,0.9987672218161241,7002.330057512707,7002.330057512707,0.0,0.0
MMLU,caliper_0.25,0.40680061823802166,0.16321483771251932,0.40680061823802166,0.0,1.0,0.40680061823802166,0.40680061823802166,0.40680061823802166,0.0,1.0,0.24099049303559583,0.24099049303559583,0.0,0.0,1.0,7.138777841233581e-05,7.121492664862555e-05,1.0,1,0.0,0.0,1.0000000000000002,0.0,0.0,0.0,0.0,0.5881704421820597,0.5881704421820597,0.20665335354426317,0.20665335354426317,2.0129960341998343,2.0129960341998343,0.31586697469038233,0.31586697469038233,0.0049787755544743045,0.0049787755544743045,0.9987672218161241,0.9987672218161241,7002.330057512707,7002.330057512707,0.0,0.0
HellaSwag,random_pairing,0.30928744760644167,0.11409025847827159,0.11407766990291263,19.520977770352903,0.000999000999000999,0.0975281470257632,0.1317645111454425,0.24509155084932716,6.4195896757114514,0.000999000999000999,0.20427005193306405,0.10246059207996924,10.180945985309481,9.370870668129408,0.000999000999000999,0.9996017522899243,0.9996018315431874,0.5003982477100757,10040,3.4020363155193873,13.403667017862567,0.3689682100729909,1.9996993019673095,0.14013629202667713,0.9695219123505976,0.9664310877740008,0.5754040033206087,1.084140211024136,-1.6406162077798039,-0.8007149881349684,1.177384793923733,1.531811676381004,0.3043480940281256,0.34112929482854165,0.003521498397298225,0.003804057571807479,0.998678498235777,0.9988994816206131,5021.999800955429,5021.999800955429,0.44984011347886077,0.20092202672453985
HellaSwag,optimal_unrestricted,0.30928744760644167,0.11409025847827159,0.1061341571050309,20.315329050141077,0.000999000999000999,0.0935458958517211,0.12051841633362988,0.2451997351578018,6.408771244863987,0.000999000999000999,0.20427005193306405,0.09701920813893611,10.725084379412793,9.565980238512733,0.000999000999000999,0.9996017522899243,0.9996018315431874,0.5003982477100757,10040,2.3062978489361434,10.857573789843439,0.7534228581492046,1.358544570607748,0.09924900271529666,0.9725099601593625,0.9516581034144695,0.5754040033206087,1.084119300137915,-1.6406162077798039,-0.8000832627130678,1.177384793923733,1.5316980920832222,0.3043480940281256,0.34100332344215933,0.003521498397298225,0.0038036547784061916,0.998678498235777,0.9988989756100429,5021.999800955429,5021.999800955429,0.4494315980894942,0.1986597235263305
HellaSwag,caliper_1.00,0.30928744760644167,0.11409025847827159,0.2405649966894725,6.872245091696916,0.000999000999000999,0.2276595383486676,0.2570623186100733,0.20520741394527803,10.408003366116365,0.000999000999000999,0.20427005193306405,0.1721816083108888,3.208844362217525,3.6747165868367224,0.000999000999000999,0.31441656710473914,0.3144122710095307,0.8451812027080845,3158,0.7004650446695743,0.9546451723628103,0.963178475012757,0.20141325444915648,0.07404690027458782,0.8894412676428389,0.7941865297725601,0.5754040033206087,0.7250145016044608,-1.6406162077798039,-1.640531420210906,1.177384793923733,1.175750393254134,0.3043480940281256,0.30679971864899125,0.003521498397298225,0.003549635322751396,0.998678498235777,0.9987129270159707,5021.999800955429,5021.999800955429,0.020436053779269835,0.01013704606354431
HellaSwag,caliper_0.50,0.30928744760644167,0.11409025847827159,0.30406001765225066,0.522742995419101,0.08891108891108891,0.29596115647759874,0.31141408319231856,0.30154525386313463,0.7742193743307035,0.3146853146853147,0.20427005193306405,0.20494325165114374,-0.06731997180796923,0.5897960836283176,0.09490509490509491,0.13152130625248906,0.13152161399827728,0.9368777379530068,1321,0.17433455555693042,0.4721359121613625,0.9958762499918333,0.06150313851199243,0.01548729225754227,0.604560031169454,0.46808382722744407,0.5754040033206087,0.6328619590377675,-1.6406162077798039,-1.6427872873744875,1.177384793923733,1.1774614455835772,0.3043480940281256,0.3046235199431909,0.003521498397298225,0.003520180153258976,0.998678498235777,0.9986825276702574,5021.999800955429,5021.999800955429,0.001690333898239488,0.0011978763947540524
HellaSwag,caliper_0.25,0.30928744760644167,0.11409025847827159,0.31045895851721095,-0.117151091076928,0.7952047952047953,0.3073681194725976,0.31361730302361507,0.3117140966247518,-0.2426649018310134,0.3906093906093906,0.20427005193306405,0.2049259187993073,-0.06558668662432487,-0.0560015475408987,0.5964035964035964,0.04739147749900438,0.04739005412934465,0.9771007566706491,476,0.10376948768087188,0.1212633630931254,0.9986954316559578,0.039667588106954144,0.008090643178841665,0.4989538416753089,0.437199903319207,0.5754040033206087,0.5887717726869719,-1.6406162077798039,-1.6407555960137723,1.177384793923733,1.1774330417148056,0.3043480940281256,0.30436919253333405,0.003521498397298225,0.003521030241794198,0.998678498235777,0.998678466490573,5021.999800955429,5021.999800955429,0.00017586936601371456,9.811544502379068e-05
WinoGrande,random_pairing,0.3381772515249372,0.34692599851855355,0.34732584055847215,-0.9148589033534937,0.6933066933066933,0.31592600429392753,0.38594468538365667,0.3698532044396706,-3.167595291473341,0.2017982017982018,0.3091144388981327,0.3184377713738049,-0.9323332475672186,0.05738192822129784,0.4835164835164835,1.0,0.9999999999999998,0.5007911392405063,1264,1.5470700141803353,2.347613749236693,0.5383547897638867,0.670835829292163,0.21328417689625195,0.9944620253164557,0.9752278381017874,1.0226497564345032,1.539925559132012,2.285575533873233,2.2508323750496992,1.4899748157117267,1.497182467363935,0.26474948998754316,0.2696509530932903,0.014757769702824068,0.014631841666131691,0.9702563380373821,0.9719966747592549,631.9988189064669,631.9988189064669,0.06735783745868243,0.08000406533740567
WinoGrande,optimal_unrestricted,0.3381772515249372,0.34692599851855355,0.33129660520192294,0.6880646323014272,0.2967032967032967,0.30902721525555116,0.3583001356753618,0.37051005747126436,-3.2332805946327148,0.08591408591408592,0.3091144388981327,0.3123092715054161,-0.3194832607283371,1.0148903971707117,0.2787212787212787,1.0,0.9999999999999998,0.5007911392405063,1264,0.706391643904563,1.0464446901758755,0.9183253635926849,0.2695005440583671,0.09253698146145911,0.997626582278481,0.9578942564468672,1.0226497564345032,1.5381777711635463,2.285575533873233,2.252675579484357,1.4899748157117267,1.496205310556289,0.26474948998754316,0.2700220330166611,0.014757769702824068,0.014638360484343658,0.9702563380373821,0.9720007964788904,631.9988189064669,631.9988189064669,0.06316793035671361,0.07265982869639734
WinoGrande,caliper_1.00,0.3381772515249372,0.34692599851855355,0.3284278535534817,0.974939797145552,0.22877122877122877,0.3055111327056658,0.3534119922266634,0.3671114316624594,-2.8934180137522194,0.0999000999000999,0.3091144388981327,0.31031933672786594,-0.12048978297332091,1.1148790333160545,0.22877122877122877,0.942246835443038,0.9422462110237477,0.5284810126582279,1191,0.6845759053397935,0.919742707778385,0.9231670705599411,0.2480148848284361,0.09002555151046449,0.9949132416485216,0.9509756580820425,1.0226497564345032,1.5003934624404376,2.285575533873233,2.266129384216829,1.4899748157117267,1.492477212533041,0.26474948998754316,0.2695798431197693,0.014757769702824068,0.01469921681953198,0.9702563380373821,0.9717173066260711,631.9988189064669,631.9988189064669,0.04957381397391597,0.05669106715042263
WinoGrande,caliper_0.50,0.3381772515249372,0.34692599851855355,0.34403956993135393,-0.5862318406416711,0.7982017982017982,0.3295071364289329,0.357696604042464,0.3564374214401149,-1.8260169915177704,0.15984015984015984,0.3091144388981327,0.31282999964370284,-0.37155607455701123,-0.20681589266987876,0.6033966033966034,0.30854430379746833,0.3084431478724785,0.8449367088607594,390,0.42305508046610896,0.4865304663180867,0.9780910354083434,0.1780654353906843,0.04559035629713534,0.9971098265895953,0.8903518065271767,1.0226497564345032,1.1670334704871341,2.285575533873233,2.2833681767305745,1.4899748157117267,1.4886462350731458,0.26474948998754316,0.265149412371957,0.014757769702824068,0.014740661386824292,0.9702563380373821,0.9703128138448591,631.9988189064669,631.9988189064669,0.007519331801841158,0.010080095165175048
WinoGrande,caliper_0.25,0.3381772515249372,0.34692599851855355,0.3383647798742138,-0.01875283492766,0.6033966033966034,0.3369252873563218,0.3395582689890465,0.33920546467733237,-0.10282131523951521,0.4205794205794206,0.3091144388981327,0.30960066220614263,-0.04862233080099032,0.036312320152964705,0.3936063936063936,0.00870253164556962,0.008691916517638596,0.9968354430379747,11,0.17147012245986487,0.20326741124217756,0.9980112598453013,0.10580076972983488,0.013620601488867227,1.0,0.7969246927749971,1.0226497564345032,1.026146925226789,2.285575533873233,2.2852407830298254,1.4899748157117267,1.4899772035518388,0.26474948998754316,0.26463162173583854,0.014757769702824068,0.014757429415145698,0.9702563380373821,0.9702280630864644,631.9988189064669,631.9988189064669,0.00029469978487472255,0.0004289436668885022
