benchmark,gap_points,eligible_pairs,flips,observed_flip_rate,bootstrap_ci_low,bootstrap_median,bootstrap_ci_high,random_ci_low,random_median,random_ci_high,one_sided_randomization_p,excess_flip_rate
BBH,0.25,558,274,0.4910394265232975,0.16173783143577597,0.2867132867132867,0.4528013145391194,0.37992831541218636,0.4229390681003584,0.460573476702509,0.000999000999000999,0.0681003584229391
BBH,0.5,1099,512,0.4658780709736124,0.1615762694125319,0.28385056215244897,0.44456207818193877,0.32666060054595086,0.36032757051865333,0.39308462238398545,0.000999000999000999,0.10555050045495906
BBH,1.0,2226,938,0.42138364779874216,0.1653966831017481,0.28140369072562554,0.42891431135038116,0.22371967654986524,0.252470799640611,0.2857142857142857,0.000999000999000999,0.16891284815813118
BBH,2.0,4327,1467,0.3390339727293737,0.16092126529669823,0.2629693669821358,0.39050537181743566,0.12294892535243818,0.14120637855327017,0.16547261382019876,0.000999000999000999,0.19782759417610352
BBH,3.0,6385,1720,0.26938136256851997,0.154207467648525,0.23673917024606267,0.34283824923297346,0.08347298355520752,0.09569303054032889,0.11276429130775255,0.000999000999000999,0.17368833202819106
BBH,5.0,10313,1861,0.18045185687966644,0.13324615888782204,0.18378035009824764,0.2678057191600996,0.05167991854940367,0.05924561233394744,0.06981479685833414,0.000999000999000999,0.121206244545719
HellaSwag,0.25,1169,509,0.4354148845166809,0.298050251649993,0.38820003158531985,0.48258545013750165,0.29245283018867924,0.3281919451585261,0.3604588828702673,0.000999000999000999,0.1072229393581548
HellaSwag,0.5,2347,922,0.3928419258628036,0.3088047639302425,0.368936170212766,0.430409672614673,0.18363868768640818,0.21133361738389433,0.24189711995270993,0.000999000999000999,0.18150830847890925
HellaSwag,1.0,4533,1402,0.30928744760644167,0.2774924409124729,0.3091451187476716,0.34304149838163445,0.09794286344584162,0.11409025847827159,0.13261253309797,0.000999000999000999,0.19519718912817008
HellaSwag,2.0,9016,1713,0.1899955634427684,0.17849991415177277,0.1997004499405255,0.22334559300213364,0.04923209137280994,0.05734568261218978,0.06676278141288677,0.000999000999000999,0.13264988083057863
HellaSwag,3.0,14076,1748,0.12418300653594772,0.11822150762412151,0.13191927647113355,0.14784661075818237,0.03153679499928967,0.03673048919415889,0.04276479363500746,0.000999000999000999,0.08745251734178883
HellaSwag,5.0,23777,1752,0.07368465323632081,0.07021655062407767,0.07837900476162421,0.08797382676780692,0.01867088607594937,0.021744159158355134,0.025317520397005636,0.000999000999000999,0.05194049407796568
MMLU,0.25,829,398,0.48009650180940894,0.27694324684656607,0.4234938648481127,0.562292075233963,0.33775633293124246,0.37997587454764775,0.4258443908323281,0.000999000999000999,0.10012062726176119
MMLU,0.5,1588,735,0.4628463476070529,0.28309976388471775,0.41619433857457044,0.5411973338335702,0.25188144649982325,0.28809823677581864,0.33816120906801006,0.000999000999000999,0.17474811083123426
MMLU,1.0,3235,1316,0.40680061823802166,0.2849612403100775,0.3820207438959109,0.4723049551432817,0.13910227445153872,0.16321483771251932,0.20618421587975663,0.000999000999000999,0.24358578052550234
MMLU,2.0,6832,2163,0.3165983606557377,0.24930003045886637,0.302460071759062,0.3468131868131868,0.0660128805620609,0.0780152224824356,0.09938890515222482,0.000999000999000999,0.23858313817330212
MMLU,3.0,10531,2543,0.24147754249359035,0.20243191687102668,0.23757011337435663,0.2686864849463387,0.04282594245560725,0.050612477447535845,0.064478681986516,0.000999000999000999,0.1908650650460545
MMLU,5.0,17452,2674,0.1532202612881045,0.13314103889682552,0.157532675991745,0.18698340289779466,0.025842310336924135,0.030540912216364888,0.03890814806325923,0.000999000999000999,0.12267934907173962
MMLU-Pro,0.25,89,39,0.43820224719101125,0.24719101123595505,0.4,0.5666666666666667,0.2696629213483146,0.3707865168539326,0.47191011235955055,0.11388611388611389,0.06741573033707865
MMLU-Pro,0.5,177,81,0.4576271186440678,0.2768361581920904,0.4124293785310734,0.5674157303370787,0.20903954802259886,0.2824858757062147,0.3559322033898305,0.000999000999000999,0.1751412429378531
MMLU-Pro,1.0,308,145,0.4707792207792208,0.2987012987012987,0.4162612631668007,0.538961038961039,0.13636363636363635,0.18506493506493507,0.24025974025974026,0.000999000999000999,0.2857142857142857
MMLU-Pro,2.0,590,236,0.4,0.2893401015228426,0.3688663282571912,0.4288317602371154,0.0711864406779661,0.09830508474576272,0.1271186440677966,0.000999000999000999,0.3016949152542373
MMLU-Pro,3.0,824,273,0.3313106796116505,0.26212145371223394,0.31390400353904,0.3531660674892944,0.050970873786407765,0.0703883495145631,0.09101941747572816,0.000999000999000999,0.26092233009708743
MMLU-Pro,5.0,1299,306,0.23556581986143188,0.20091992360987743,0.2305319969159599,0.26040983169372994,0.03233256351039261,0.044649730561970746,0.057736720554272515,0.000999000999000999,0.19091608929946113
WinoGrande,0.25,1400,644,0.46,0.22255940751833292,0.30417304981454474,0.3938064846999828,0.4189353953313874,0.45124152505062953,0.4842632331902718,0.3006993006993007,0.008758474949370487
WinoGrande,0.5,2790,1130,0.4050179211469534,0.22201730339347045,0.29840730498128226,0.38189576756157434,0.38614786448136657,0.4154121863799283,0.44925708648525364,0.7492507492507493,-0.01039426523297493
WinoGrande,1.0,5574,1885,0.3381772515249372,0.21928715745366348,0.2878403586676336,0.3622783985717584,0.31596133217066585,0.34692599851855355,0.393323636154018,0.6893106893106893,-0.00874874699361633
WinoGrande,2.0,11688,2639,0.22578713210130047,0.19484136340252803,0.24641493258640795,0.30699382244532397,0.19850817254610698,0.23100655618625549,0.29077887250143214,0.6043956043956044,-0.0052194240849550155
WinoGrande,3.0,17632,2891,0.1639632486388385,0.16415674008337316,0.20478355364406026,0.258799624732577,0.13740464461341703,0.16264104403159912,0.21369494222518617,0.4675324675324675,0.0013222046072393634
WinoGrande,5.0,28247,3002,0.10627677275462881,0.11546567794741823,0.14556459397528398,0.18785615447433793,0.08644648926517758,0.10256546493451912,0.13647310654023417,0.3836163836163836,0.0037113078201096855
